timestamp,curr1,curr2,price
1500593106,USD,BTC,2768.113
1500593106,USD,BTC,2768.12
1500593111,USD,BTC,2768.12
1500593111,USD,BTC,2768.12
1500593116,USD,BTC,2764.7001
1500593127,GBP,BTC,2226.9999
1500593127,GBP,BTC,2200.0002
1500593128,USD,BTC,2765.42
1500593128,USD,BTC,2768.2558
1500593129,USD,BTC,2770.0274
1500593131,USD,BTC,2755.3361
1500593144,BTC,ETH,0.08136911
1500593145,EUR,BTC,2326.5848
1500593146,EUR,BTC,2328.8914
1500593148,BTC,ETH,0.08136911
1500593148,USD,BTC,2769.4199
1500593149,USD,BTC,2769.42
1500593150,USD,BTC,2769.5389
1500593152,USD,BTC,2769.5389
1500593153,USD,BTC,2771.1004
1500593153,USD,BTC,2771.1193
1500593154,USD,BTC,2773.1187
1500593154,USD,BTC,2773.1187
1500593156,USD,BTC,2773.5318
1500593158,BTC,ETH,0.08153185
1500593158,USD,BTC,2773.5318
1500593162,USD,BTC,2773.7974
1500593162,USD,BTC,2773.7974
1500593163,USD,BTC,2773.7974
1500593164,BTC,ETH,0.081369
1500593166,USD,BTC,2774.856
1500593167,USD,BTC,2774.856
1500593167,USD,BTC,2777.2695
1500593167,BTC,ETH,0.08153185
1500593171,USD,BTC,2778.2819
1500593172,USD,BTC,2778.2819
1500593172,BTC,ETH,0.08136902
1500593174,USD,BTC,2780.1222
1500593175,USD,BTC,2780.5038
1500593176,BTC,ETH,0.08136902
1500593177,USD,BTC,2780.5038
1500593177,BTC,ETH,0.08339881
1500593178,USD,BTC,2780.5038
1500593179,BTC,ETH,0.08136902
1500593181,USD,BTC,2780.5038
1500593182,USD,BTC,2780.5761
1500593183,USD,ETH,224.86
1500593183,USD,ETH,224.85
1500593184,USD,ETH,224.33840001
1500593187,USD,BTC,2789.2102
1500593187,USD,ETH,224.53720001
1500593188,USD,ETH,224.5372
1500593189,USD,BTC,2780.5037
1500593189,USD,BTC,2789.2102
1500593189,USD,ETH,224.52720001
1500593189,USD,ETH,224.50582936
1500593189,BTC,ETH,0.081369
1500593189,USD,BTC,2781.0558
1500593189,USD,ETH,224.49942935
1500593189,USD,ETH,224.49942936
1500593189,USD,BTC,2781.0559
1500593189,BTC,ETH,0.081369
1500593189,USD,BTC,2781.0558
1500593189,USD,BTC,2781.0558
1500593191,USD,ETH,224.50582936
1500593195,EUR,BTC,2345.2459
1500593195,USD,BTC,2789.2101
1500593195,BTC,ETH,0.08058167
1500593197,USD,BTC,2789.2102
1500593197,BTC,ETH,0.08058167
1500593198,USD,BTC,2789.2102
1500593198,BTC,ETH,0.08058167
1500593198,USD,ETH,224.87903986
1500593198,USD,ETH,227.29009987
1500593200,USD,BTC,2789.2102
1500593203,BTC,ETH,0.0805816
1500593203,BTC,ETH,0.08136817
1500593208,GBP,BTC,2200.0001
1500593208,USD,BTC,2789.2102
1500593209,EUR,BTC,2342.0591
1500593210,BTC,ETH,0.081235
1500593214,BTC,ETH,0.0813677
1500593214,USD,BTC,2789.2102
1500593214,USD,BTC,2789.2102
1500593214,USD,BTC,2789.2102
1500593215,BTC,ETH,0.081368
1500593217,USD,BTC,2789.56
1500593217,USD,ETH,226.9188
1500593217,BTC,ETH,0.081368
1500593217,USD,BTC,2792.9486
1500593218,USD,BTC,2795.641
1500593220,BTC,ETH,0.0805816
1500593225,USD,BTC,2795.6408
1500593228,USD,ETH,224.39256262
1500593231,GBP,BTC,2200.0002
1500593231,USD,BTC,2793.13
1500593232,BTC,ETH,0.08064
1500593234,USD,ETH,224.3462074
1500593236,BTC,ETH,0.0800216
1500593236,BTC,ETH,0.0800216
1500593244,USD,BTC,2795.6412
1500593256,USD,ETH,224.69459176
1500593261,USD,BTC,2822.6078
1500593270,USD,BTC,2822.6079
1500593270,USD,BTC,2822.6079
1500593273,EUR,BTC,2349.338
1500593291,BTC,ETH,0.07934365
1500593294,USD,BTC,2839.9999
1500593302,USD,BTC,2830.0021
1500593302,USD,BTC,2830
1500593306,USD,BTC,2822.1
1500593326,USD,BTC,2830.0906
1500593327,USD,BTC,2830.0905
1500593332,USD,BTC,2830.0902
1500593340,USD,BTC,2830
1500593353,USD,ETH,224.26179939
1500593353,BTC,ETH,0.07925856
1500593353,USD,BTC,2831
1500593353,USD,BTC,2831
1500593354,USD,ETH,223.51923
1500593356,USD,BTC,2831.1103
1500593359,USD,BTC,2830
1500593362,USD,BTC,2830
1500593365,USD,BTC,2831
1500593365,BTC,ETH,0.07956346
1500593367,USD,BTC,2825.3084
1500593367,USD,ETH,224.37789999
1500593368,USD,ETH,224.36799999
1500593369,USD,ETH,224.3581
1500593372,BTC,ETH,0.07849655
1500593374,USD,ETH,224.51790006
1500593382,USD,BTC,2822.5573
1500593393,USD,BTC,2838.8888
1500593404,USD,BTC,2837.9894
1500593417,USD,BTC,2837.9689
1500593418,USD,BTC,2837.9689
1500593421,USD,ETH,225.24087422
1500593425,USD,BTC,2837.9588
1500593425,BTC,ETH,0.07952297
1500593426,BTC,ETH,0.07952297
1500593433,USD,BTC,2836.9896
1500593434,USD,ETH,225
1500593436,USD,BTC,2823.4935
1500593443,USD,BTC,2822.8102
1500593448,BTC,ETH,0.0793296
1500593455,BTC,ETH,0.0793497
1500593457,USD,BTC,2827.5601
1500593464,USD,BTC,2820.4026
1500593464,USD,ETH,224.48959997
1500593465,USD,ETH,224.4797
1500593466,USD,ETH,224.47969999
1500593468,USD,ETH,224.4908
1500593468,USD,BTC,2827.6401
1500593469,USD,BTC,2827.6401
1500593469,USD,BTC,2827.6401
1500593469,USD,ETH,224.51069999
1500593471,USD,BTC,2820.4026
1500593472,BTC,ETH,0.07952324
1500593476,USD,BTC,2820.4026
1500593476,USD,BTC,2820.4026
1500593478,USD,BTC,2820.4026
1500593479,USD,BTC,2820.4026
1500593480,USD,BTC,2819.9999
1500593480,BTC,ETH,0.07963199
1500593480,USD,ETH,224.60030005
1500593480,BTC,ETH,0.07899903
1500593483,USD,BTC,2814.9802
1500593490,USD,BTC,2818.5599
1500593491,USD,BTC,2814.9802
1500593493,USD,BTC,2814.9803
1500593494,USD,BTC,2814.9801
1500593495,USD,BTC,2814.9801
1500593503,USD,BTC,2814.9801
1500593505,USD,BTC,2814.9802
1500593505,BTC,ETH,0.07974288
1500593505,USD,ETH,224.73980009
1500593506,USD,BTC,2814.9802
1500593507,USD,BTC,2814.9801
1500593512,USD,BTC,2814.9801
1500593519,USD,BTC,2800.6702
1500593526,USD,ETH,226.99999999
1500593528,USD,ETH,225.70772135
1500593528,USD,BTC,2814.8298
1500593528,BTC,ETH,0.08016256
1500593528,USD,ETH,225.70772137
1500593532,USD,ETH,225.70772135
1500593532,USD,BTC,2814.9802
1500593532,BTC,ETH,0.08007609
1500593534,USD,ETH,226.09603838
1500593535,USD,ETH,225.12441528
1500593538,USD,ETH,225.12441521
1500593547,BTC,ETH,0.08163449
1500593550,USD,BTC,2809.9997
1500593550,USD,BTC,2809.9997
1500593556,USD,BTC,2801.0441
1500593560,USD,BTC,2801.1319
1500593564,BTC,ETH,0.08162993
1500593569,USD,BTC,2801.1582
1500593569,USD,BTC,2800.9802
1500593572,USD,BTC,2799.9999
1500593572,BTC,ETH,0.0802092
1500593572,USD,ETH,224.7398001
1500593572,BTC,ETH,0.0805629
1500593574,USD,BTC,2799.9998
1500593576,USD,ETH,225.12441467
1500593576,BTC,ETH,0.08056292
1500593576,USD,BTC,2795.9787
1500593576,USD,ETH,225.12441468
1500593577,USD,BTC,2799.9998
1500593578,USD,BTC,2799.8899
1500593583,BTC,ETH,0.08056293
1500593584,USD,ETH,225.07355672
1500593584,BTC,ETH,0.08056291
1500593584,USD,BTC,2795.9789
1500593589,USD,BTC,2798.8999
1500593589,BTC,ETH,0.08056291
1500593593,USD,BTC,2783.6584
1500593593,USD,ETH,226.32772922
1500593605,GBP,BTC,2200.0001
1500593611,BTC,ETH,0.08085055
1500593616,USD,BTC,2785.55
1500593622,USD,BTC,2788.2302
1500593626,USD,BTC,2807.14
1500593627,BTC,ETH,0.08085054
1500593630,USD,BTC,2780
1500593630,USD,BTC,2807.2413
1500593631,USD,ETH,227.7096747
1500593643,USD,BTC,2768.3497
1500593643,USD,BTC,2804.8149
1500593643,USD,BTC,2787.1502
1500593668,USD,BTC,2800.9997
1500593695,USD,ETH,229
1500593708,USD,BTC,2785.8676
1500593718,USD,BTC,2785.8678
1500593732,USD,BTC,2783.478
1500593740,USD,BTC,2792.8998
1500593749,USD,BTC,2792.5599
1500593758,BTC,ETH,0.08339954
1500593763,USD,BTC,2789.6598
1500593771,USD,BTC,2790
1500593771,USD,BTC,2793.4599
1500593775,USD,ETH,226.42600009
1500593782,USD,BTC,2794.9891
1500593787,USD,BTC,2794.9997
1500593791,USD,BTC,2800.7399
1500593817,GBP,BTC,2200.0001
1500593818,USD,BTC,2780.1863
1500593824,USD,BTC,2794.1499
1500593827,USD,BTC,2794.1496
1500593848,USD,BTC,2790.0431
1500593863,USD,BTC,2793.1599
1500593866,USD,BTC,2800.8498
1500593888,USD,ETH,227.99999595
1500593891,USD,ETH,227.16480009
1500593905,USD,BTC,2801.6548
1500593905,USD,BTC,2801.6548
1500593909,USD,ETH,227.22480068
1500593909,USD,BTC,2804.7097
1500593914,USD,BTC,2804.7097
1500593923,USD,BTC,2805
1500593925,USD,BTC,2814.8296
1500593926,USD,ETH,226.226
1500593931,BTC,ETH,0.08003895
1500593932,BTC,ETH,0.07995879
1500593942,USD,BTC,2814.82
1500593942,BTC,ETH,0.08023397
1500593942,USD,ETH,225.94200949
1500593945,USD,BTC,2814.82
1500593970,USD,ETH,225.8709
1500593973,USD,BTC,2814.9802
1500593976,USD,BTC,2814.9802
1500593983,EUR,BTC,2351.3965
1500593985,USD,BTC,2814.9802
1500593994,USD,BTC,2822
1500593998,USD,BTC,2818.5598
1500594010,BTC,ETH,0.07982336
1500594011,USD,BTC,2820
1500594014,USD,BTC,2822
1500594015,USD,ETH,225.72
1500594029,USD,ETH,225.70001
1500594038,USD,BTC,2822
1500594047,USD,BTC,2822
1500594053,USD,BTC,2824.3904
1500594059,USD,BTC,2834.9962
1500594060,USD,BTC,2834.9966
1500594061,USD,BTC,2824.49
1500594064,USD,ETH,226.5472
1500594068,BTC,ETH,0.07938009
1500594073,USD,ETH,226.41851275
1500594088,USD,ETH,225.70001
1500594093,USD,ETH,225.70001001
1500594101,USD,BTC,2834.8
1500594102,USD,BTC,2834.8779
1500594109,USD,ETH,226.91149999
1500594117,USD,ETH,225.71
1500594119,USD,ETH,225.70001
1500594119,USD,ETH,225.00000007
1500594123,GBP,BTC,2210.1202
1500594136,USD,BTC,2834.7998
1500594140,USD,ETH,225.69999595
1500594163,USD,BTC,2827.93
1500594171,USD,BTC,2827.9366
1500594199,USD,ETH,225.02000321
1500594212,USD,BTC,2830.4981
1500594214,USD,BTC,2824.71
1500594214,USD,ETH,225.73747166
1500594216,USD,BTC,2834.7116
1500594216,BTC,ETH,0.07857649
1500594219,USD,BTC,2824.71
1500594225,USD,BTC,2834.6148
1500594226,USD,BTC,2824.7167
1500594233,USD,ETH,225.25200208
1500594234,USD,BTC,2833.9571
1500594234,BTC,ETH,0.07978068
1500594234,USD,ETH,226.036
1500594235,USD,BTC,2824.6003
1500594238,USD,ETH,225.52592155
1500594239,USD,ETH,225.52592155
1500594239,USD,BTC,2824.6003
1500594239,USD,ETH,225.52592155
1500594240,USD,BTC,2822.7048
1500594241,USD,BTC,2820
1500594241,USD,BTC,2820
1500594243,USD,ETH,225.22560058
1500594243,USD,BTC,2819.9086
1500594248,USD,ETH,225.11000001
1500594250,USD,BTC,2819.9086
1500594253,USD,BTC,2833.5895
1500594267,USD,BTC,2819.9086
1500594269,USD,BTC,2831.4997
1500594303,USD,BTC,2819.9086
1500594315,USD,ETH,228.99009999
1500594320,USD,BTC,2819.9086
1500594324,USD,BTC,2823.93
1500594333,USD,BTC,2823.5998
1500594357,BTC,ETH,0.08339774
1500594358,BTC,ETH,0.08339762
1500594370,USD,BTC,2823.3792
1500594372,BTC,ETH,0.08339746
1500594374,USD,BTC,2823.3791
1500594381,BTC,ETH,0.08009228
1500594382,USD,ETH,228.55099799
1500594400,USD,ETH,228.392
1500594405,BTC,ETH,0.08339718
1500594409,USD,BTC,2832.49
1500594466,USD,BTC,2838.2563
1500594477,GBP,BTC,2190.7173
1500594491,USD,ETH,227.74749999
1500594493,EUR,ETH,190.99999998
1500594531,USD,ETH,226.94990442
1500594532,USD,ETH,227.71749599
1500594536,USD,BTC,2822.3475
1500594543,USD,ETH,230
1500594544,USD,BTC,2816.0002
1500594547,USD,BTC,2825.4588
1500594551,USD,BTC,2816.0013
1500594556,USD,ETH,227.00000017
1500594568,USD,ETH,229.97009798
1500594568,BTC,ETH,0.07922865
1500594579,USD,ETH,225.1
1500594587,USD,BTC,2825.4806
1500594590,EUR,BTC,2364.6755
1500594598,GBP,BTC,2190.7172
1500594603,EUR,BTC,2364.6755
1500594604,EUR,ETH,183.59870001
1500594607,USD,BTC,2832.6467
1500594609,USD,ETH,229.82009996
1500594609,BTC,ETH,0.08139598
1500594609,USD,BTC,2826.77
1500594611,BTC,ETH,0.08139598
1500594614,BTC,ETH,0.08039607
1500594627,BTC,ETH,0.08039617
1500594658,USD,ETH,229.69079978
1500594676,USD,BTC,2823.8862
1500594676,USD,BTC,2829.1213
1500594703,USD,BTC,2829.1211
1500594704,BTC,ETH,0.08
1500594704,USD,ETH,226.53060001
1500594711,USD,BTC,2829.1214
1500594711,BTC,ETH,0.07999999
1500594711,USD,ETH,226.57050001
1500594717,EUR,ETH,183.59870001
1500594728,USD,ETH,226.66050001
1500594734,RUB,BTC,153066.61
1500594798,USD,BTC,2834.4199
1500594802,USD,BTC,2834.4176
1500594802,USD,BTC,2834.4172
1500594803,USD,BTC,2834.42
1500594804,USD,BTC,2836.3842
1500594805,USD,BTC,2836.3843
1500594820,USD,ETH,228.95589999
1500594849,USD,ETH,228.84629998
1500594850,USD,BTC,2838.7899
1500594850,BTC,ETH,0.08
1500594850,USD,ETH,227.49910001
1500594850,USD,BTC,2839.4
1500594859,EUR,ETH,191.99799999
1500594861,USD,ETH,228.84629998
1500594886,USD,BTC,2838.87
1500594895,USD,BTC,2829.3014
1500594897,USD,BTC,2829.3015
1500594901,USD,ETH,228.04001234
1500594940,USD,ETH,229.65
1500594944,USD,BTC,2833
1500594951,USD,BTC,2839.8997
1500594952,EUR,BTC,2369.6267
1500594969,USD,BTC,2839.8998
1500594978,USD,ETH,229.65
1500594985,USD,BTC,2840
1500594993,USD,BTC,2840
1500594995,EUR,BTC,2369.7729
1500594996,USD,BTC,2842.1872
1500595000,USD,BTC,2849.734
1500595016,USD,BTC,2849.7338
1500595023,GBP,BTC,2313.383
1500595023,USD,BTC,2849.7339
1500595023,USD,BTC,2850.7471
1500595031,BTC,ETH,0.081
1500595035,BTC,ETH,0.081
1500595069,USD,ETH,229.65
1500595071,USD,BTC,2850.7471
1500595074,USD,ETH,230
1500595082,USD,BTC,2862.7471
1500595096,BTC,ETH,0.08099969
1500595096,BTC,ETH,0.08099969
1500595101,USD,ETH,229.05940003
1500595103,USD,BTC,2862.747
1500595108,USD,BTC,2865.6545
1500595114,EUR,BTC,2378.188
1500595116,USD,BTC,2865.6545
1500595117,USD,BTC,2865.6545
1500595122,USD,ETH,228.0351
1500595125,USD,ETH,228.0551
1500595129,USD,BTC,2867.4467
1500595135,USD,BTC,2869.5111
1500595138,EUR,BTC,2382.9401
1500595143,USD,ETH,229.53999993
1500595155,BTC,ETH,0.07980613
1500595166,USD,BTC,2871.7446
1500595167,USD,BTC,2871.7446
1500595169,USD,BTC,2871.7446
1500595169,EUR,ETH,187
1500595169,EUR,BTC,2376.1989
1500595169,EUR,ETH,192
1500595169,USD,ETH,229.55
1500595169,EUR,BTC,2376.1989
1500595169,EUR,BTC,2376.1989
1500595169,BTC,ETH,0.07932607
1500595169,USD,ETH,229.55
1500595169,USD,BTC,2871.7446
1500595171,USD,BTC,2871.7446
1500595179,USD,BTC,2871.923
1500595182,BTC,ETH,0.07932607
1500595186,USD,BTC,2871.4141
1500595186,USD,BTC,2871.923
1500595187,USD,BTC,2876
1500595195,USD,BTC,2875.3693
1500595198,USD,BTC,2875.3693
1500595202,EUR,BTC,2382.94
1500595203,USD,BTC,2879.5658
1500595207,USD,BTC,2875.6602
1500595211,USD,BTC,2890.2719
1500595212,USD,BTC,2890.2752
1500595230,USD,BTC,2890
1500595247,USD,ETH,229.54999999
1500595247,USD,ETH,229.54999999
1500595251,USD,BTC,2890.99
1500595261,USD,BTC,2889.99
1500595262,EUR,BTC,2382.94
1500595263,EUR,BTC,2382.94
1500595269,USD,BTC,2880.0216
1500595279,USD,ETH,229.54999999
1500595283,EUR,BTC,2382.94
1500595290,USD,BTC,2881.0708
1500595293,USD,BTC,2881.0706
1500595298,USD,ETH,228.69860002
1500595299,BTC,ETH,0.07926
1500595302,USD,BTC,2880.0001
1500595303,USD,BTC,2880.0001
1500595304,USD,BTC,2880
1500595304,USD,BTC,2880
1500595305,USD,BTC,2880
1500595306,USD,BTC,2878.86
1500595309,USD,BTC,2878.1865
1500595316,USD,BTC,2877.2548
1500595319,USD,BTC,2885.5795
1500595321,BTC,ETH,0.08037726
1500595322,USD,BTC,2876.5472
1500595325,USD,ETH,228
1500595328,USD,BTC,2873.2748
1500595330,USD,ETH,229.99999999
1500595332,USD,ETH,228
1500595332,USD,BTC,2873.2748
1500595339,USD,ETH,228.04000001
1500595344,EUR,BTC,2382.94
1500595347,BTC,ETH,0.07906063
1500595352,EUR,BTC,2382.9401
1500595357,USD,BTC,2868.5056
1500595370,USD,BTC,2862.1245
1500595378,USD,BTC,2858.4257
1500595380,EUR,BTC,2382.9401
1500595390,USD,BTC,2863.494
1500595392,USD,BTC,2863.494
1500595395,USD,BTC,2863.5026
1500595399,USD,BTC,2863.5026
1500595442,BTC,ETH,0.0803777
1500595446,USD,BTC,2866.0487
1500595466,BTC,ETH,0.0803777
1500595468,USD,BTC,2858.436
1500595477,USD,BTC,2858.4508
1500595495,USD,BTC,2860.2149
1500595502,USD,BTC,2860.96
1500595504,USD,BTC,2860.6299
1500595513,USD,BTC,2850.3926
1500595528,USD,BTC,2850.3928
1500595543,USD,BTC,2850.46
1500595544,USD,ETH,229.0001
1500595545,USD,BTC,2850.0006
1500595545,USD,ETH,228.3188
1500595545,USD,ETH,228.04000001
1500595556,USD,BTC,2850.4599
1500595557,USD,BTC,2850.4599
1500595558,USD,BTC,2850.4599
1500595568,USD,BTC,2850.4599
1500595574,USD,ETH,229.50729999
1500595581,EUR,BTC,2376.2026
1500595583,USD,BTC,2842.5993
1500595584,USD,ETH,229.9
1500595586,USD,BTC,2841.9799
1500595587,USD,ETH,229.88999999
1500595587,USD,BTC,2841.7599
1500595590,USD,BTC,2834.2158
1500595602,USD,BTC,2834.2156
1500595603,USD,BTC,2832.9426
1500595612,USD,BTC,2832.7982
1500595618,USD,BTC,2837.18
1500595625,USD,BTC,2837.0599
1500595638,USD,BTC,2834.0043
1500595642,USD,BTC,2831.9296
1500595648,USD,BTC,2831.5371
1500595650,USD,BTC,2830.8711
1500595656,USD,BTC,2830.5279
1500595667,USD,BTC,2820
1500595670,USD,BTC,2820
1500595671,USD,ETH,228.61920003
1500595672,USD,ETH,228.62920001
1500595672,USD,ETH,228.6292
1500595685,USD,BTC,2824.4499
1500595697,USD,BTC,2822.1677
1500595702,USD,BTC,2820.1001
1500595702,USD,BTC,2820.1
1500595703,USD,BTC,2820.0001
1500595706,USD,BTC,2820
1500595707,USD,BTC,2816.0021
1500595707,USD,BTC,2816
1500595710,USD,BTC,2815.025
1500595711,USD,BTC,2814.9999
1500595712,USD,BTC,2809.3798
1500595715,USD,BTC,2801.2
1500595716,USD,BTC,2800.9924
1500595716,USD,BTC,2809.9999
1500595716,USD,BTC,2809.9999
1500595716,BTC,ETH,0.08099999
1500595716,USD,ETH,228.6192005
1500595716,USD,BTC,2803.2099
1500595716,BTC,ETH,0.08099999
1500595717,USD,ETH,228.6192005
1500595718,USD,BTC,2809.7799
1500595718,BTC,ETH,0.081
1500595719,USD,BTC,2809.7799
1500595720,USD,BTC,2803.2099
1500595720,BTC,ETH,0.081
1500595720,USD,ETH,228.20920001
1500595720,USD,BTC,2803.0999
1500595721,USD,BTC,2803.2098
1500595721,BTC,ETH,0.081
1500595721,BTC,ETH,0.081
1500595721,USD,ETH,228.20920001
1500595721,USD,ETH,228
1500595721,USD,BTC,2803.2097
1500595721,USD,BTC,2803.2097
1500595721,USD,BTC,2803.2098
1500595721,BTC,ETH,0.081
1500595721,USD,ETH,228
1500595721,USD,BTC,2803.119
1500595721,BTC,ETH,0.081
1500595722,USD,ETH,228
1500595722,USD,BTC,2810
1500595725,BTC,ETH,0.081
1500595725,USD,ETH,228
1500595725,USD,BTC,2810
1500595725,USD,BTC,2803.1191
1500595726,USD,BTC,2803.1191
1500595726,USD,BTC,2803.119
1500595726,BTC,ETH,0.081
1500595726,USD,ETH,228
1500595726,USD,BTC,2803.1189
1500595726,BTC,ETH,0.081
1500595726,USD,ETH,228
1500595727,USD,BTC,2793.7017
1500595727,USD,BTC,2803.1188
1500595729,USD,BTC,2803.1188
1500595729,USD,BTC,2803.1188
1500595729,BTC,ETH,0.081
1500595729,USD,ETH,227.50920001
1500595730,USD,BTC,2821.5824
1500595731,USD,BTC,2799.4625
1500595731,USD,BTC,2799.4624
1500595751,USD,BTC,2820.8899
1500595775,USD,BTC,2817.1595
1500595778,USD,BTC,2817.1595
1500595783,USD,BTC,2820.8897
1500595789,USD,BTC,2820.8897
1500595789,USD,BTC,2820.8897
1500595791,USD,BTC,2820.8897
1500595800,USD,BTC,2824.8299
1500595800,USD,BTC,2824.8299
1500595804,USD,BTC,2824.8299
1500595804,BTC,ETH,0.081
1500595805,USD,BTC,2825.042
1500595806,USD,BTC,2825.042
1500595809,USD,BTC,2809.2601
1500595809,USD,BTC,2826.1127
1500595811,USD,BTC,2826.1127
1500595825,USD,BTC,2839.7004
1500595830,USD,BTC,2839.3799
1500595835,USD,BTC,2841.6443
1500595877,USD,BTC,2837.1699
1500595907,USD,BTC,2826.8695
1500595924,USD,BTC,2837.1698
1500595931,USD,BTC,2827.0145
1500595959,USD,BTC,2828.8624
1500595971,USD,BTC,2828.868
1500595981,USD,BTC,2828.8669
1500595993,USD,BTC,2826.6699
1500596028,USD,ETH,228.20916824
1500596032,BTC,ETH,0.07985
1500596032,USD,BTC,2844.7572
1500596032,BTC,ETH,0.081
1500596032,USD,ETH,226.8471
1500596036,USD,BTC,2828.8668
1500596051,USD,BTC,2844.6443
1500596058,USD,ETH,227.31929997
1500596059,USD,ETH,227.30929999
1500596060,USD,ETH,227.2893
1500596062,USD,ETH,227.28929997
1500596063,USD,ETH,227.28929998
1500596067,USD,BTC,2837.0801
1500596069,USD,ETH,227.50921607
1500596092,USD,BTC,2837.1421
1500596117,USD,ETH,229.96999987
1500596192,USD,BTC,2828.8668
1500596197,USD,BTC,2828.961
1500596203,USD,BTC,2837.6347
1500596208,USD,BTC,2823.2295
1500596250,USD,ETH,229.87489247
1500596259,USD,BTC,2829.6201
1500596269,EUR,ETH,192
1500596287,USD,BTC,2837.2783
1500596302,USD,ETH,229.81168193
1500596305,USD,BTC,2830.2102
1500596320,USD,BTC,2830.3122
1500596322,USD,BTC,2820.1044
1500596326,USD,BTC,2814.2827
1500596330,USD,BTC,2814.2827
1500596357,USD,BTC,2813.7401
1500596376,USD,BTC,2825
1500596376,BTC,ETH,0.081
1500596376,USD,ETH,229.01810264
1500596380,USD,BTC,2824.57
1500596380,BTC,ETH,0.081
1500596380,USD,ETH,229.01810263
1500596384,USD,BTC,2824.0197
1500596384,BTC,ETH,0.081
1500596384,USD,ETH,229.01810263
1500596385,USD,BTC,2813.3714
1500596394,USD,ETH,227.88930005
1500596394,USD,ETH,227.88930004
1500596394,USD,ETH,227.88930003
1500596394,USD,ETH,227.88930003
1500596396,USD,BTC,2814.2014
1500596407,USD,BTC,2814.2
1500596413,USD,BTC,2813.3713
1500596415,USD,ETH,227.59920003
1500596417,USD,BTC,2809.9999
1500596417,EUR,BTC,2351.2502
1500596417,USD,BTC,2809.9999
1500596419,USD,BTC,2807.9545
1500596425,USD,BTC,2810
1500596425,BTC,ETH,0.081
1500596425,USD,ETH,227.59920201
1500596429,USD,BTC,2807.9545
1500596430,USD,BTC,2807.2691
1500596430,BTC,ETH,0.081
1500596430,USD,ETH,227.55920006
1500596434,USD,BTC,2807.0499
1500596434,BTC,ETH,0.081
1500596434,USD,ETH,227.609002
1500596435,USD,BTC,2806.3614
1500596438,USD,BTC,2799.99
1500596439,USD,BTC,2794.7569
1500596443,USD,BTC,2794.5194
1500596444,USD,BTC,2794.5194
1500596446,USD,BTC,2794.5194
1500596448,USD,BTC,2794.3963
1500596455,USD,BTC,2794.3963
1500596459,USD,BTC,2794.3963
1500596460,USD,ETH,228.39929998
1500596460,USD,BTC,2794.3963
1500596460,USD,ETH,228.39929996
1500596461,USD,ETH,228.37929999
1500596462,USD,BTC,2798.1133
1500596466,USD,BTC,2798.1133
1500596467,USD,BTC,2798.1134
1500596467,USD,BTC,2798.1133
1500596473,USD,BTC,2794.3964
1500596474,USD,BTC,2794.3964
1500596474,USD,BTC,2775.2972
1500596486,USD,BTC,2764.1912
1500596492,USD,BTC,2760.4781
1500596503,USD,ETH,227.59920104
1500596514,USD,BTC,2766.4772
1500596515,USD,BTC,2773.0199
1500596518,USD,BTC,2771.9631
1500596518,BTC,ETH,0.08246271
1500596518,USD,ETH,227.59920136
1500596519,BTC,ETH,0.08246271
1500596521,USD,ETH,227.59920146
1500596523,USD,BTC,2766.4772
1500596523,EUR,BTC,2309.825
1500596525,USD,BTC,2765.9699
1500596528,USD,BTC,2765.6399
1500596529,GBP,BTC,2185.7173
1500596531,USD,ETH,227.50921202
1500596531,BTC,ETH,0.08246261
1500596533,USD,ETH,227.50921203
1500596534,BTC,ETH,0.08246261
1500596535,USD,BTC,2760.478
1500596536,USD,BTC,2756.68
1500596545,USD,ETH,226.00010002
1500596547,USD,BTC,2750
1500596550,USD,ETH,228.27928815
1500596572,USD,BTC,2758.6497
1500596578,USD,BTC,2755.4799
1500596578,USD,BTC,2757.031
1500596580,USD,BTC,2760.1655
1500596590,USD,BTC,2753.7941
1500596591,USD,BTC,2753.794
1500596591,USD,BTC,2753.794
1500596595,USD,BTC,2759.4484
1500596596,USD,BTC,2759.4484
1500596596,USD,BTC,2759.4484
1500596599,USD,BTC,2759.8297
1500596599,USD,BTC,2759.4484
1500596600,USD,BTC,2769.3318
1500596601,USD,BTC,2769.3317
1500596603,USD,ETH,228.19929879
1500596604,USD,BTC,2769.3318
1500596606,USD,BTC,2769.3406
1500596607,USD,BTC,2769.3405
1500596607,USD,BTC,2769.3406
1500596607,USD,BTC,2769.3407
1500596607,USD,BTC,2769.3407
1500596607,USD,BTC,2769.3407
1500596607,USD,BTC,2771.328
1500596607,USD,BTC,2771.328
1500596617,USD,BTC,2773.0197
1500596622,BTC,ETH,0.08246
1500596631,USD,ETH,226.1
1500596638,GBP,BTC,2185.7172
1500596638,USD,BTC,2772.91
1500596638,USD,BTC,2773.6877
1500596646,USD,BTC,2773.6877
1500596655,USD,BTC,2773.7745
1500596660,USD,BTC,2773.7745
1500596668,BTC,ETH,0.0824
1500596669,USD,BTC,2774.0158
1500596669,USD,BTC,2774.0158
1500596678,USD,BTC,2774.0158
1500596685,USD,BTC,2774
1500596689,USD,ETH,226.0001
1500596725,USD,BTC,2774
1500596732,USD,BTC,2774
1500596736,EUR,BTC,2301.0874
1500596765,USD,BTC,2791.2995
1500596821,USD,BTC,2780.0013
1500596826,EUR,BTC,2316.8228
1500596828,USD,BTC,2780
1500596829,USD,ETH,226.49999999
1500596829,BTC,ETH,0.08116059
1500596836,USD,BTC,2780.0004
1500596841,USD,ETH,226.49999999
1500596842,USD,BTC,2763.4353
1500596843,USD,BTC,2763.1711
1500596846,USD,ETH,226.49999999
1500596854,USD,BTC,2791.2979
1500596864,EUR,ETH,183.5987
1500596871,EUR,BTC,2316.8228
1500596873,USD,BTC,2766.33
1500596911,USD,ETH,226.74219998
1500596940,EUR,BTC,2301.5037
1500596940,USD,ETH,226.11000001
1500596956,USD,ETH,226.10000021
1500596960,USD,BTC,2756.4044
1500596970,USD,ETH,226
1500596985,USD,BTC,2760.1422
1500596987,USD,BTC,2760.1422
1500596990,USD,ETH,225.79490435
1500596993,USD,BTC,2761.4445
1500597009,USD,ETH,230
1500597024,USD,BTC,2746.78
1500597025,USD,BTC,2746.7799
1500597029,USD,ETH,225.96490001
1500597031,USD,ETH,225.98490001
1500597035,USD,BTC,2746.6756
1500597047,USD,BTC,2767.3592
1500597059,USD,BTC,2746.7801
1500597060,USD,BTC,2765.8099
1500597145,USD,BTC,2742.6532
1500597153,GBP,BTC,2185.7172
1500597174,USD,BTC,2742.6532
1500597177,USD,BTC,2737.4553
1500597180,USD,BTC,2730.2888
1500597181,USD,BTC,2730
1500597183,USD,BTC,2730
1500597192,USD,BTC,2730
1500597202,USD,BTC,2730.0001
1500597211,USD,ETH,226
1500597212,USD,BTC,2730.0001
1500597221,USD,BTC,2737.2771
1500597221,USD,BTC,2715.281
1500597221,USD,BTC,2737.2772
1500597222,USD,BTC,2737.2773
1500597225,USD,BTC,2737.17
1500597225,USD,BTC,2737.2768
1500597229,EUR,BTC,2284.3346
1500597229,EUR,BTC,2283.7965
1500597230,BTC,ETH,0.08245
1500597231,USD,BTC,2722.1935
1500597231,BTC,ETH,0.08246
1500597235,USD,BTC,2713.8001
1500597242,BTC,ETH,0.08246
1500597247,BTC,ETH,0.08246
1500597248,BTC,ETH,0.08246
1500597248,BTC,ETH,0.08246
1500597249,USD,ETH,226.59539999
1500597250,USD,BTC,2736.95
1500597250,BTC,ETH,0.08246
1500597250,USD,ETH,225.79500436
1500597259,USD,BTC,2736.7098
1500597259,BTC,ETH,0.08246
1500597259,USD,ETH,225.79500436
1500597260,BTC,ETH,0.08246
1500597268,BTC,ETH,0.08246
1500597268,BTC,ETH,0.0836999
1500597276,USD,BTC,2720.0205
1500597281,USD,BTC,2720
1500597281,USD,ETH,225.05980002
1500597281,USD,BTC,2719.9999
1500597281,EUR,BTC,2280.0003
1500597281,EUR,ETH,188
1500597284,USD,BTC,2719.9999
1500597288,USD,BTC,2714.7943
1500597292,USD,BTC,2714.8901
1500597292,USD,BTC,2709.82
1500597293,EUR,BTC,2280
1500597293,EUR,BTC,2275.9146
1500597297,USD,BTC,2709.8201
1500597302,USD,BTC,2709.82
1500597305,USD,ETH,226.04809999
1500597318,USD,BTC,2709.82
1500597321,USD,BTC,2709
1500597322,USD,BTC,2709
1500597330,USD,BTC,2709
1500597331,USD,BTC,2719.09
1500597333,USD,BTC,2706.2101
1500597337,USD,BTC,2717.285
1500597346,EUR,BTC,2275.0002
1500597349,USD,BTC,2719.8998
1500597350,USD,BTC,2724.4146
1500597351,EUR,BTC,2275
1500597364,USD,BTC,2726.2539
1500597365,USD,BTC,2726.2539
1500597365,USD,BTC,2726.2539
1500597372,USD,ETH,226.4135
1500597375,USD,BTC,2728.6151
1500597375,EUR,BTC,2275
1500597379,USD,BTC,2728.6151
1500597380,USD,BTC,2728.6151
1500597382,EUR,ETH,192.99999997
1500597387,USD,BTC,2728.6151
1500597389,USD,BTC,2728.6151
1500597389,USD,BTC,2729.5023
1500597391,USD,BTC,2735.5499
1500597392,USD,BTC,2735.5499
1500597393,USD,BTC,2738.6974
1500597393,USD,BTC,2726.7
1500597394,USD,BTC,2735.6726
1500597395,USD,ETH,226.79490435
1500597398,USD,BTC,2734.1703
1500597400,USD,BTC,2734.1704
1500597404,USD,ETH,226.94693624
1500597411,USD,ETH,225.02990003
1500597418,BTC,ETH,0.0833427
1500597419,USD,BTC,2721.23
1500597425,USD,BTC,2721.4003
1500597427,USD,ETH,226.89959997
1500597430,USD,BTC,2737.6617
1500597431,USD,BTC,2721.4003
1500597438,USD,BTC,2737.6516
1500597444,USD,ETH,226.78999987
1500597445,USD,BTC,2721.5008
1500597456,USD,ETH,225.68740001
1500597458,USD,BTC,2722.6285
1500597464,USD,BTC,2726.3921
1500597471,USD,BTC,2729.5173
1500597474,USD,ETH,226.7002
1500597475,USD,BTC,2729.5173
1500597475,USD,BTC,2729.5173
1500597480,USD,BTC,2729.5175
1500597505,USD,BTC,2730.5462
1500597540,USD,ETH,225.13
1500597560,USD,BTC,2737.2188
1500597573,USD,BTC,2734.2743
1500597582,USD,BTC,2730
1500597598,BTC,ETH,0.08166672
1500597599,BTC,ETH,0.08166672
1500597600,BTC,ETH,0.08166669
1500597602,USD,ETH,225.46000001
1500597602,USD,BTC,2737.2186
1500597604,BTC,ETH,0.08160212
1500597608,USD,BTC,2737.2189
1500597609,BTC,ETH,0.08143893
1500597609,USD,BTC,2737.219
1500597610,BTC,ETH,0.08143892
1500597613,USD,BTC,2743.7486
1500597629,USD,BTC,2743.7588
1500597632,USD,ETH,225.00000001
1500597636,USD,ETH,225.00000001
1500597643,USD,BTC,2743.7597
1500597645,USD,ETH,225.00000202
1500597648,USD,BTC,2746.501
1500597663,USD,ETH,225.00000403
1500597664,BTC,ETH,0.08144349
1500597679,USD,BTC,2754.1094
1500597690,USD,ETH,225.31999888
1500597690,USD,ETH,225.31999886
1500597691,EUR,ETH,192.99999997
1500597694,USD,ETH,225.3199988
1500597695,USD,BTC,2746.8708
1500597711,USD,BTC,2753.9895
1500597711,USD,ETH,225.00000001
1500597716,USD,BTC,2753.9896
1500597719,USD,BTC,2753.9894
1500597725,USD,ETH,225.31999673
1500597731,USD,BTC,2753.9895
1500597742,USD,BTC,2754.1095
1500597753,BTC,ETH,0.08144275
1500597773,USD,ETH,225.00000001
1500597774,USD,ETH,225
1500597778,BTC,ETH,0.08144275
1500597781,USD,BTC,2766.0298
1500597791,USD,ETH,225.00000001
1500597791,USD,BTC,2768.8097
1500597792,USD,ETH,225
1500597793,USD,BTC,2772.5997
1500597830,USD,BTC,2803.2597
1500597875,BTC,ETH,0.08128124
1500597876,USD,BTC,2775.0904
1500597886,USD,BTC,2775.6966
1500597887,USD,BTC,2800.3083
1500597900,USD,ETH,223
1500597904,USD,ETH,224.98109539
1500597905,USD,BTC,2776.3254
1500597917,USD,BTC,2776.4728
1500597921,USD,BTC,2776.5893
1500597924,USD,BTC,2776.7002
1500597925,USD,BTC,2776.5892
1500597933,USD,BTC,2776.6047
1500597935,USD,BTC,2773.8823
1500597937,USD,BTC,2773.8823
1500597941,USD,BTC,2773.8826
1500597946,USD,BTC,2773.8827
1500597946,USD,BTC,2773.1707
1500597951,USD,BTC,2780.59
1500597953,USD,BTC,2773.1713
1500597960,USD,ETH,223.30698453
1500597967,USD,BTC,2770.0001
1500597969,BTC,ETH,0.08116989
1500597972,USD,BTC,2764.2914
1500597976,USD,ETH,224.07379997
1500597977,USD,ETH,224.07479997
1500597977,USD,BTC,2761.8408
1500597978,USD,ETH,224.0648
1500597979,USD,BTC,2761.8409
1500597980,USD,ETH,224.0548
1500597987,USD,BTC,2761.8409
1500598013,USD,ETH,223.32990005
1500598071,USD,BTC,2766.5499
1500598072,USD,BTC,2766.3205
1500598095,USD,BTC,2764.5599
1500598099,USD,BTC,2764.23
1500598104,USD,BTC,2763.9
1500598105,USD,BTC,2764.2299
1500598106,USD,BTC,2764.2299
1500598108,USD,BTC,2773.4438
1500598109,USD,BTC,2778.2123
1500598110,USD,BTC,2778.2123
1500598129,USD,ETH,224.6098
1500598150,USD,BTC,2777.7894
1500598184,EUR,BTC,2312.3002
1500598184,USD,ETH,224.6098
1500598187,USD,BTC,2776.79
1500598197,USD,BTC,2777.8999
1500598200,USD,BTC,2778.926
1500598269,USD,ETH,224.2411775
1500598279,USD,BTC,2779.02
1500598283,USD,BTC,2772.9817
1500598285,USD,BTC,2772.9829
1500598290,USD,BTC,2774.3809
1500598291,USD,ETH,224.24117795
1500598311,USD,BTC,2775.1805
1500598313,GBP,BTC,2165.8612
1500598327,USD,ETH,224.24117795
1500598333,USD,BTC,2770.5806
1500598347,USD,BTC,2770.3631
1500598347,USD,BTC,2770.3631
1500598356,USD,BTC,2767.7123
1500598374,USD,BTC,2767.712
1500598391,USD,ETH,223.50980001
1500598394,USD,ETH,223.5
1500598399,USD,BTC,2770.3628
1500598420,USD,ETH,223.75636673
1500598420,USD,ETH,223.75636673
1500598447,USD,ETH,223.04870011
1500598449,USD,BTC,2773.4981
1500598459,USD,BTC,2773.4985
1500598470,USD,BTC,2771.2231
1500598470,BTC,ETH,0.08219485
1500598485,USD,ETH,223.06420015
1500598485,USD,BTC,2758.8275
1500598498,USD,BTC,2758.8307
1500598512,GBP,BTC,2165.7172
1500598523,USD,BTC,2765.51
1500598550,USD,ETH,223.02330002
1500598550,USD,ETH,223.01900002
1500598551,USD,ETH,223.01
1500598554,USD,ETH,223.0001
1500598554,USD,ETH,223
1500598555,USD,ETH,222.30001001
1500598556,USD,BTC,2761.3199
1500598558,USD,ETH,222.30011001
1500598559,USD,ETH,222.30001001
1500598559,USD,ETH,222.30001001
1500598563,USD,ETH,222.30001001
1500598576,USD,ETH,222
1500598582,USD,ETH,223.2098
1500598588,USD,BTC,2763.3996
1500598597,USD,BTC,2771.2229
1500598602,USD,ETH,222.1694
1500598620,BTC,ETH,0.07981095
1500598623,USD,BTC,2780.3099
1500598634,USD,BTC,2771.2026
1500598676,USD,ETH,223.30001001
1500598689,USD,BTC,2777.4999
1500598694,USD,BTC,2777.3798
1500598726,BTC,ETH,0.079811
1500598728,BTC,ETH,0.079811
1500598728,BTC,ETH,0.079811
1500598730,USD,BTC,2777.5194
1500598739,GBP,BTC,2165.7172
1500598743,GBP,BTC,2155.7892
1500598783,USD,ETH,223.29001
1500598805,USD,BTC,2775.0799
1500598815,USD,BTC,2775.1899
1500598828,USD,BTC,2771.9303
1500598864,USD,BTC,2769.9626
1500598868,USD,BTC,2769.9626
1500598878,USD,BTC,2769.9652
1500598917,BTC,ETH,0.08155811
1500598942,USD,BTC,2770
1500598948,USD,ETH,223.30001001
1500598972,USD,ETH,224.4606
1500598972,USD,ETH,224.48049996
1500598990,USD,ETH,223.29001029
1500599030,USD,BTC,2770.4404
1500599031,USD,BTC,2774.9693
1500599049,EUR,BTC,2311.4579
1500599075,USD,BTC,2774.9596
1500599083,USD,ETH,223.30382007
1500599094,USD,BTC,2787.4
1500599110,USD,BTC,2783.9683
1500599132,USD,ETH,223.95009956
1500599134,USD,BTC,2783.9577
1500599136,USD,ETH,223.95539955
1500599136,USD,BTC,2786.8398
1500599223,USD,ETH,226.7699
1500599275,USD,BTC,2787.0698
1500599287,USD,BTC,2793.6212
1500599315,USD,BTC,2810
1500599318,USD,BTC,2815.8049
1500599322,USD,BTC,2815.8049
1500599339,USD,ETH,225.87429999
1500599381,USD,ETH,225.68519999
1500599400,USD,BTC,2803.741
1500599401,USD,ETH,225.54039999
1500599413,USD,BTC,2815.4474
1500599426,USD,BTC,2834
1500599474,USD,ETH,224.1954
1500599509,USD,ETH,225.285999
1500599510,USD,ETH,225.285999
1500599511,USD,ETH,225.28599918
1500599515,USD,ETH,225.2885993
1500599520,USD,ETH,225.9916
1500599521,USD,ETH,225.9916
1500599521,BTC,ETH,0.07997345
1500599534,USD,BTC,2816.6506
1500599543,USD,ETH,226
1500599564,USD,BTC,2822.3093
1500599564,USD,BTC,2824.7897
1500599564,USD,ETH,225.99999999
1500599564,USD,BTC,2824.7897
1500599565,USD,BTC,2824.7898
1500599568,USD,BTC,2827.83
1500599569,USD,BTC,2828.5499
1500599569,USD,BTC,2822.4101
1500599573,BTC,ETH,0.07997345
1500599577,BTC,ETH,0.07997345
1500599582,USD,BTC,2822.9552
1500599596,USD,BTC,2822.8112
1500599610,USD,BTC,2823.0688
1500599628,USD,BTC,2823.179
1500599639,USD,BTC,2823.1793
1500599649,USD,BTC,2823.1792
1500599676,USD,BTC,2822.51
1500599684,USD,BTC,2822.4104
1500599692,USD,BTC,2806.7115
1500599693,EUR,BTC,2354.4236
1500599704,USD,ETH,224.3811
1500599704,USD,BTC,2807
1500599711,USD,BTC,2807.0082
1500599733,USD,BTC,2815.5837
1500599747,USD,ETH,224.55110005
1500599754,USD,BTC,2807.1061
1500599755,USD,BTC,2807.106
1500599755,USD,BTC,2807.106
1500599786,USD,BTC,2807.106
1500599787,USD,BTC,2806.9001
1500599798,USD,ETH,225.94049784
1500599825,USD,BTC,2800.9264
1500599840,GBP,ETH,182
1500599856,USD,BTC,2794.6405
1500599885,USD,BTC,2793.7205
1500599900,USD,BTC,2788.3275
1500599997,USD,BTC,2790.1004
1500599998,USD,BTC,2794.4026
1500600005,USD,ETH,225.06100313
1500600091,USD,BTC,2800.436
1500600097,USD,BTC,2800.342
1500600104,USD,ETH,225.55039964
1500600105,USD,BTC,2798.497
1500600111,USD,BTC,2798.4969
1500600120,USD,BTC,2800
1500600123,USD,BTC,2792.2806
1500600193,USD,BTC,2799.7145
1500600206,USD,BTC,2787.1091
1500600213,USD,BTC,2787.1657
1500600221,USD,BTC,2794.49
1500600233,USD,BTC,2787.3692
1500600285,USD,ETH,225.9703
1500600306,BTC,ETH,0.08148
1500600309,USD,BTC,2792.0093
1500600363,USD,BTC,2800.2398
1500600368,USD,BTC,2800.2264
1500600372,USD,BTC,2800.2164
1500600382,USD,BTC,2796.7431
1500600389,USD,BTC,2807.9578
1500600390,USD,BTC,2807.9578
1500600428,EUR,BTC,2334.8614
1500600447,BTC,ETH,0.08147999
1500600448,BTC,ETH,0.08022772
1500600479,EUR,BTC,2334.8615
1500600485,USD,ETH,226
